{"P740": "[X] was founded in [Y] .", "P108": "[X] works for [Y] .", "P190": "[X] and [Y] are twin cities .", "P27": "[X] is [Y] citizen .", "P1376": "[X] is the capital of [Y] .", "P131": "[X] is located in [Y] .", "P937": "[X] used to work in [Y] .", "P176": "[X] is produced by [Y] .", "P463": "[X] is a member of [Y] .", "P20": "[X] died in [Y] .", "P136": "[X] plays [Y] music .", "P39": "[X] has the position of [Y] .", "P407": "[X] was written in [Y] .", "P527": "[X] consists of [Y] .", "P276": "[X] is located in [Y] .", "P19": "[X] was born in [Y] .", "P47": "[X] shares border with [Y] .", "P101": "[X] works in the field of [Y] .", "P1303": "[X] plays [Y] .", "P17": "[X] is located in [Y] .", "P127": "[X] is owned by [Y] .", "P103": "The native language of [X] is [Y] .", "P31": "[X] is a [Y] .", "P54": "[X] plays with [Y] .", "P166": "[X] was awarded the [Y] .", "P69": "[X] was educated at the University of [Y] .", "P159": "The headquarter of [X] is in [Y] .", "P530": "[X] maintains diplomatic relations with [Y] .", "P495": "[X] was created in [Y] .", "P37": "The official language of [X] is [Y] .", "P138": "[X] is named after [Y] .", "P361": "[X] is part of [Y] .", "P140": "[X] is affiliated with the [Y] religion .", "P1001": "[X] is a legal term in [Y] .", "P30": "[X] is located in [Y] .", "P102": "[X] is a member of the [Y] political party .", "P178": "[X] is developed by [Y] .", "P279": "[X] is a subclass of [Y] .", "P449": "[X] was originally aired on [Y] .", "P364": "The original language of [X] is [Y] .", "P1412": "[X] used to communicate in [Y] .", "P264": "[X] is represented by music label [Y] .", "P36": "The capital of [X] is [Y] .", "P106": "[X] is a [Y] by profession .", "P413": "[X] plays in [Y] position .", "P1923": "[Y] participated in the [X] .", "P112": "[X] is founded by [Y] .", "P1050": "[X] suffered from [Y] .", "P641": "The sport palyed by [X] is [Y] .", "P40": "The parent of [Y] is [X] .", "P749": "[X] is owned by [Y] .", "P161": "[Y] is a actor of [X] .", "P840": "[X] took place in [Y] .", "P57": "[X] is directed by [Y] .", "P737": "[X] is influenced by [Y] .", "P1056": "The material produced by [X] is [Y] .", "P2348": "The historical period of [X] is [Y] .", "P3373": "[X] is the sibling of [Y] .", "P3095": "[X] is practiced by [Y] .", "P135": "The artistic movement of [X] is [Y] .", "P551": "[X] lives in [Y] .", "P451": "[X] is the lover of [Y] .", "P119": "The burial place of [X] is [Y] .", "P113": "[Y] is one of the airline hubs of [X] .", "P26": "[X] married to [Y] .", "P50": "[X] is written by [Y] .", "P452": "The specific industry of [X] is [Y] .", "P780": "[Y] is the possible symptom of [X] .", "P509": "The death cause of [X] is [Y] .", "P172": "[X] is a [Y] .", "P2283": "[X] makes use of [Y] ."}