{
    "/tv/tv_writer/tv_programs./tv/tv_program_writer_relationship/tv_program": "[X] is the writer of [Y] .",
    "/award/award_nominee/award_nominations./award/award_nomination/award_nominee": "[X] is the nominee of [Y] .",
    "/film/film/release_date_s./film/film_regional_release_date/film_release_region": "The release area for film [X] includes [Y] .",
    "/award/award_nominee/award_nominations./award/award_nomination/award": "[X] was nominated for [Y] .",
    "/people/person/profession": "The profession of [X] is [Y] .",
    "/film/actor/film./film/performance/film": "[X] is an actor in [Y] .",
    "/award/award_category/nominees./award/award_nomination/nominated_for": "[Y] was nominated for [X] .",
    "/award/award_winner/awards_won./award/award_honor/award_winner": "[X] presents awards to [Y] .",
    "/film/film/genre": "The genre of [X] is [Y] .",
    "/award/award_nominee/award_nominations./award/award_nomination/nominated_for": "[X] was awarded for [Y] .",
    "/music/genre/artists": "The music genre of [Y] is [X] .",
    "/award/award_category/winners./award/award_honor/award_winner": "[Y] was awarded the [X] .",
    "/film/film/other_crew./film/film_crew_gig/film_crew_role": "The film [X] needs the position of [Y] .",
    "/location/location/contains": "[X] geographically contains [Y] .",
    "/people/person/nationality": "The nationality of [X] is [Y] .",
    "/music/performance_role/track_performances./music/track_contribution/role": "[X] and [Y] appear together in the performance .",
    "/people/person/places_lived./people/place_lived/location": "[X] lives in [Y] .",
    "/people/person/gender": "The gender of [X] is [Y] .",
    "/common/topic/webpage./common/webpage/category": "The webpage category of [X] is [Y] .",
    "/sports/sports_position/players./sports/sports_team_roster/team": "Someone plays the [X] position for the [Y] .",
    "/award/award_winning_work/awards_won./award/award_honor/award": "[X] received the [Y] .",
    "/award/award_winning_work/awards_won./award/award_honor/award_winner": "[Y] was awarded for [X] .",
    "/people/person/spouse_s./people/marriage/type_of_union": "[X] and spouse are [Y] .",
    "/award/award_category/winners./award/award_honor/ceremony": "[X] was presented at the [Y] ceremony .",
    "/award/award_ceremony/awards_presented./award/award_honor/award_winner": "[Y] won the award at the [X] ceremony .",
    "/media_common/netflix_genre/titles": "The representative film of [X] is [Y] .",
    "/music/performance_role/regular_performances./music/group_membership/role": "[X] and [Y] appear together in the performance .",
    "/education/educational_institution/students_graduates./education/education/student": "[Y] graduated from [X] .",
    "/education/educational_institution/students_graduates./education/education/major_field_of_study": "The major field of study at [X] includes [Y] .",
    "/film/film/language": "The language of the film [X] is [Y] .",
    "/people/person/place_of_birth": "[X] was born in [Y] .",
    "/film/film/country": "The country [X] belongs to is [Y] .",
    "/film/film_distributor/films_distributed./film/film_film_distributor_relationship/film": "The distributor of [Y] is [X] .",
    "/soccer/football_team/current_roster./soccer/football_roster_position/position": "Someone plays the [Y] position for the [X] .",
    "/soccer/football_team/current_roster./sports/sports_team_roster/position": "Someone plays the [Y] position for the [X] .",
    "/education/educational_degree/people_with_this_degree./education/education/institution": "[Y] can grant a [X] .",
    "/music/record_label/artist": "The record label of [Y] is [X] .",
    "/olympics/olympic_sport/athletes./olympics/olympic_athlete_affiliation/country": "[Y] has athletes in [X] .",
    "/people/ethnicity/people": "The ethnic group of [Y] is [X] .",
    "/location/location/adjoin_s./location/adjoining_relationship/adjoins": "[X] shares border with [Y] .",
    "/music/instrument/instrumentalists": "[Y] plays [X] .",
    "/influence/influence_node/influenced_by": "[X] is influenced by [Y] .",
    "/music/artist/track_contributions./music/track_contribution/role": "[X] plays [Y] .",
    "/film/film/production_companies": "The production company of [X] is [Y] .",
    "/base/popstra/celebrity/friendship./base/popstra/friendship/participant": "[X] and [Y] know each other .",
    "/film/film/release_date_s./film/film_regional_release_date/film_release_distribution_medium": "The distribution medium of [X] is [Y] .",
    "/base/popstra/celebrity/dated./base/popstra/dated/participant": "[X] and [Y] had a date .",
    "/music/performance_role/regular_performances./music/group_membership/group": "There is a [X] in [Y] .",
    "/film/film/produced_by": "The film [X] is produced by [Y] .",
    "/tv/tv_program/regular_cast./tv/regular_tv_appearance/actor": "[X] is one of the actors of [Y] .",
    "/film/film/estimated_budget./measurement_unit/dated_money_value/currency": "The estimated currency of the [X] budget is [Y] .",
    "/olympics/olympic_participating_country/medals_won./olympics/olympic_medal_honor/olympics": "[X] won medals at the [Y] .",
    "/location/location/time_zones": "The time zone of [X] is [Y] .",
    "/people/person/religion": "The religion of [X] is [Y] .",
    "/government/legislative_session/members./government/government_position_held/district_represented": "The [X] has members representing district [Y] .",
    "/film/film/music": "The composer of [X] is [Y] .",
    "/tv/tv_program/genre": "[X] is a [Y] .",
    "/film/film/featured_film_locations": "The film [X] takes place in [Y] .",
    "/food/food/nutrients./food/nutrition_fact/nutrient": "[X] contains [Y] as a nutrient .",
    "/award/award_ceremony/awards_presented./award/award_honor/honored_for": "[Y] won the award at the [X] ceremony .",
    "/film/director/film": "The director of the movie [X] is [Y] .",
    "/education/educational_institution/colors": "The school color of [X] is [Y] .",
    "/organization/organization/headquarters./location/mailing_address/citytown": "The headquarter of [X] is in [Y] .",
    "/government/legislative_session/members./government/government_position_held/legislative_sessions": "Someone is a member of [X] and [Y] .",
    "/organization/organization_member/member_of./organization/organization_membership/organization": "[X] is a member of the [Y] .",
    "/location/hud_foreclosure_area/estimated_number_of_mortgages./measurement_unit/dated_integer/source": "The data source for the estimated number of mortgage in the foreclosure area of the [X] is [Y] .",
    "/film/film/written_by": "The movie [X] was written by [Y] .",
    "/people/person/languages": "[X] used to communicate in [Y] .",
    "/government/government_office_category/officeholders./government/government_position_held/jurisdiction_of_office": "The [X] is the executive officer of the [Y] .",
    "/olympics/olympic_participating_country/athletes./olympics/olympic_athlete_affiliation/olympics": "[X] participated in the [Y] .",
    "/organization/role/leaders./organization/leadership/organization": "The [X] is the leader of [Y] .",
    "/music/group_member/membership./music/group_membership/role": "The role of [X] in the band is [Y] .",
    "/military/military_combatant/military_conflicts./military/military_combatant_group/combatants": "[X] and [Y] had a military conflict .",
    "/people/cause_of_death/people": "[Y] died of [X] .",
    "/business/job_title/people_with_this_title./business/employment_tenure/company": "A [X] used to work for [Y] .",
    "/education/educational_institution/school_type": "[X] is a [Y] .",
    "/organization/organization/headquarters./location/mailing_address/state_province_region": "The headquarter of [X] is located in [Y] .",
    "/award/award_nominated_work/award_nominations./award/award_nomination/nominated_for": "[X] and [Y] have won the same award .",
    "/people/deceased_person/place_of_death": "[X] died in [Y] .",
    "/sports/sports_team/colors": "The sport color of [X] is [Y] .",
    "/sports/professional_sports_team/draft_picks./sports/sports_league_draft_pick/school": "The [X] picked someone from [Y] in the draft .",
    "/music/genre/parent_genre": "[X] is a subclass of [Y] .",
    "/sports/pro_athlete/teams./sports/sports_team_roster/team": "[X] plays for the [Y] .",
    "/olympics/olympic_games/sports": "There are [X] competitions in the [Y] .",
    "/film/film/executive_produced_by": "The executive producer of the movie [X] is [Y] .",
    "/sports/sports_team/roster./american_football/football_historical_roster_position/position_s": "Someone plays the [Y] position for the [X] .",
    "/base/biblioness/bibs_location/country": "[X] is located in [Y] .",
    "/sports/sports_team/roster./american_football/football_roster_position/position": "Someone plays the [Y] position for the [X] .",
    "/film/film_subject/films": "The subject of the movie [Y] is [X] .",
    "/location/statistical_region/religions./location/religion_percentage/religion": "The religious belief in the [X] is [Y] .",
    "/user/jg/default_domain/olympic_games/sports": "There are [Y] competitions in the [X] .",
    "/base/aareas/schema/administrative_area/administrative_parent": "[X] is located in [Y] .",
    "/american_football/football_team/current_roster./sports/sports_team_roster/position": "Someone plays the [Y] position for the [X] .",
    "/music/artist/origin": "The origin place of [Y] is [X] .",
    "/soccer/football_player/current_team./sports/sports_team_roster/team": "The football team of [X] is [Y] .",
    "/travel/travel_destination/climate./travel/travel_destination_monthly_climate/month": "The suitable month to travel to [X] is [Y] .",
    "/education/educational_institution/campuses": "The campuses of [X] is [Y] .",
    "/education/educational_institution_campus/educational_institution": "The campuses of [X] is [Y] .",
    "/music/performance_role/guest_performances./music/recording_contribution/performance_role": "[X] and [Y] appear together in the performance .",
    "/education/educational_degree/people_with_this_degree./education/education/major_field_of_study": "Someone who is an [X] major and is a [Y] .",
    "/olympics/olympic_games/participating_countries": "[Y] participated in the [X] .",
    "/education/university/domestic_tuition./measurement_unit/dated_money_value/currency": "[X] domestic tuition fees paid in [Y] .",
    "/base/schemastaging/person_extra/net_worth./measurement_unit/dated_money_value/currency": "The currency used by [X] is the [Y] .",
    "/award/award_winning_work/awards_won./award/award_honor/honored_for": "[X] and [Y] have won the same award .",
    "/location/country/second_level_divisions": "[Y] is located in [X] .",
    "/location/hud_county_place/place": "The HUD of of [X] is located in [Y] .",
    "/organization/endowed_organization/endowment./measurement_unit/dated_money_value/currency": "The endowment accepted by [X] are counted in [Y] .",
    "/base/popstra/celebrity/canoodled./base/popstra/canoodled/participant": "[X] canoodled with [Y] .",
    "/sports/professional_sports_team/draft_picks./sports/sports_league_draft_pick/draft": "[X] selected athletes in the [Y] .",
    "/people/person/spouse_s./people/marriage/spouse": "The spouse of [X] is [Y] .",
    "/military/military_conflict/combatants./military/military_combatant_group/combatants": "One of the combatants of the [X] was the [Y] .",
    "/sports/sports_team/sport": "The sport of the [X] is [Y] .",
    "/people/marriage_union_type/unions_of_this_type./people/marriage/location_of_ceremony": "[Y] has a place for [X] .",
    "/tv/tv_producer/programs_produced./tv/tv_producer_term/program": "The producer of [Y] is [X] .",
    "/user/tsegaran/random/taxonomy_subject/entry./user/tsegaran/random/taxonomy_entry/taxonomy": "[X] is classified by [Y] .",
    "/film/film/story_by": "The story of the movie [X] was written by [Y] .",
    "/location/administrative_division/country": "[X] is located in [Y] .",
    "/film/film/other_crew./film/film_crew_gig/crewmember": "[Y] is one of the crewmember of [X] .",
    "/olympics/olympic_sport/athletes./olympics/olympic_athlete_affiliation/olympics": "There are [X] competitions in the [Y] .",
    "/location/statistical_region/rent50_2./measurement_unit/dated_money_value/currency": "The currency of the [X] is [Y] .",
    "/time/event/locations": "[X] took place in the [Y] .",
    "/education/university/local_tuition./measurement_unit/dated_money_value/currency": "[X] can pay for its tuition in [Y] .",
    "/base/marchmadness/ncaa_basketball_tournament/seeds./base/marchmadness/ncaa_tournament_seed/team": "The seed team of [X] is [Y] .",
    "/base/popstra/location/vacationers./base/popstra/vacation_choice/vacationer": "[X] and [Y] went on holiday together .",
    "/film/film/film_format": "The format of [X] is [Y] .",
    "/base/schemastaging/organization_extra/phone_number./base/schemastaging/phone_sandbox/service_location": "The service area of [X] includes [Y] .",
    "/education/field_of_study/students_majoring./education/education/major_field_of_study": "Someone majored in both [X] and [Y] .",
    "/film/film/cinematography": "The director of photography for [X] is [Y] .",
    "/language/human_language/countries_spoken_in": "The official language of [Y] is [X] .",
    "/award/ranked_item/appears_in_ranked_lists./award/ranking/list": "[X] is one of the [Y] .",
    "/sports/sports_team_location/teams": "[Y] is located in [X] .",
    "/business/business_operation/industry": "The industry of [X] is [Y] .",
    "/people/person/employment_history./business/employment_tenure/company": "[X] used to work for [Y] .",
    "/location/hud_county_place/county": "The HUD of of [X] is located in [Y] .",
    "/tv/tv_network/programs./tv/tv_network_duration/program": "[X] was aired on [Y] .",
    "/base/biblioness/bibs_location/state": "[X] is located in [Y] .",
    "/location/country/form_of_government": "[X] has a [Y] of government .",
    "/location/capital_of_administrative_division/capital_of./location/administrative_division_capital_relationship/administrative_division": "The capital of [Y] is [X] .",
    "/film/film/distributors./film/film_film_distributor_relationship/film_distribution_medium": "The distribution medium of [X] is [Y] .",
    "/base/culturalevent/event/entity_involved": "[Y] participanted in the [X] .",
    "/sports/sports_league_draft/picks./sports/sports_league_draft_pick/school": "The [X] picks someone from [Y] .",
    "/tv/tv_program/country_of_origin": "[X] is created in [Y] .",
    "/film/film/film_festivals": "The film [X] is in the [Y] .",
    "/education/educational_degree/people_with_this_degree./education/education/student": "[X] and [Y] have the same degree .",
    "/education/field_of_study/students_majoring./education/education/student": "The major of [Y] is [X] .",
    "/olympics/olympic_participating_country/medals_won./olympics/olympic_medal_honor/medal": "[X] won [Y] in the Olympics .",
    "/tv/tv_program/languages": "The language of [X] is [Y] .",
    "/people/person/spouse_s./people/marriage/location_of_ceremony": "The wedding ceremony of [X] is in [Y] .",
    "/celebrities/celebrity/celebrity_friends./celebrities/friendship/friend": "[X] and [Y] are friends .",
    "/base/x2010fifaworldcupsouthafrica/world_cup_squad/current_world_cup_squad./base/x2010fifaworldcupsouthafrica/current_world_cup_squad/current_club": "Someone in the [X] at the 2010 World Cup in South Africa was from [Y] .",
    "/film/film/release_date_s./film/film_regional_release_date/film_regional_debut_venue": "The regional debut venue of [X] is [Y] .",
    "/celebrities/celebrity/sexual_relationships./celebrities/romantic_relationship/celebrity": "[X] and [Y] have sexual relations .",
    "/baseball/baseball_team/team_stats./baseball/baseball_team_stats/season": "The [X] participated in the [Y] .",
    "/tv/tv_producer/programs_produced./tv/tv_producer_term/producer_type": "[X] is a [Y] .",
    "/location/country/official_language": "The official language of [X] is [Y] .",
    "/location/statistical_region/gdp_nominal./measurement_unit/dated_money_value/currency": "The [X] uses the [Y] as a currency to count GDP .",
    "/music/group_member/membership./music/group_membership/group": "[X] is a member of [Y] .",
    "/music/artist/contribution./music/recording_contribution/performance_role": "[X] is a [Y] in the performance .",
    "/film/film/personal_appearances./film/personal_film_appearance/person": "[Y] starred in [X] .",
    "/government/politician/government_positions_held./government/government_position_held/legislative_sessions": "[X] is a member of the [Y] .",
    "/business/business_operation/revenue./measurement_unit/dated_money_value/currency": "The revenue of [X] uses [Y] as currency .",
    "/base/schemastaging/organization_extra/phone_number./base/schemastaging/phone_sandbox/service_language": "The service language of [X] is [Y] .",
    "/award/award_category/disciplines_or_subjects": "The subject of the [X] is [Y] .",
    "/business/business_operation/operating_income./measurement_unit/dated_money_value/currency": "The revenue of [X] uses [Y] as currency .",
    "/film/film/costume_design_by": "[Y] designed the costumes for [X] .",
    "/base/petbreeds/city_with_dogs/top_breeds./base/petbreeds/dog_city_relationship/dog_breed": "[X] has [Y] .",
    "/people/ethnicity/languages_spoken": "The language spoken by the [X] is [Y] .",
    "/organization/organization/child./organization/organization_relationship/child": "The parent organization of [Y] is [X] .",
    "/location/statistical_region/gdp_nominal_per_capita./measurement_unit/dated_money_value/currency": "[X] uses [Y] to calculate GDP per capita .",
    "/film/film/runtime./film/film_cut/film_release_region": "The release region of [X] includes [Y] .",
    "/sports/sports_team/roster./baseball/baseball_roster_position/position": "Someone plays the [Y] position for the [X] .",
    "/organization/organization/headquarters./location/mailing_address/country": "the headquarter of [X] is located in [Y] .",
    "/location/us_county/county_seat": "The county seat of [X] is [Y] .",
    "/business/business_operation/assets./measurement_unit/dated_money_value/currency": "The assets of [X] use [Y] as currency .",
    "/film/actor/film./film/performance/special_performance_type": "[X] was a [Y] in a film .",
    "/film/film/prequel": "The prequel of [X] is [Y] .",
    "/user/ktrueman/default_domain/international_organization/member_states": "[Y] is a member of the [X] .",
    "/film/film/edited_by": "[X] is edited by [Y] .",
    "/sports/sports_team/roster./basketball/basketball_roster_position/position": "Someone plays the [Y] position for the [X] .",
    "/location/statistical_region/places_exported_to./location/imports_and_exports/exported_to": "[X] is an exporter to [Y] .",
    "/influence/influence_node/peers./influence/peer_relationship/peers": "[X] is the peer of [Y] .",
    "/medicine/disease/risk_factors": "[Y] is one of the risk factors for [X] .",
    "/sports/sports_league/teams./sports/sports_league_participation/team": "[Y] is a member of the [X] .",
    "/location/statistical_region/gdp_real./measurement_unit/adjusted_money_value/adjustment_currency": "The real GDP of [X] is calculated in [Y] .",
    "/film/film/film_production_design_by": "The production designer of the movie [X] is [Y] .",
    "/film/film/distributors./film/film_film_distributor_relationship/region": "The distribution area of [X] includes [Y] .",
    "/base/aareas/schema/administrative_area/administrative_area_type": "[X] is a [Y] in terms of administrative area .",
    "/award/hall_of_fame/inductees./award/hall_of_fame_induction/inductee": "[Y] was inducted into the [X] .",
    "/medicine/symptom/symptom_of": "[X] is one of the symptoms of the [Y] .",
    "/base/popstra/celebrity/breakup./base/popstra/breakup/participant": "[X] broken up with [Y] .",
    "/location/statistical_region/gni_per_capita_in_ppp_dollars./measurement_unit/dated_money_value/currency": "The GNI of [X] is calculated in [Y] .",
    "/award/award_category/category_of": "[X] is a [Y] .",
    "/travel/travel_destination/how_to_get_here./travel/transportation/mode_of_transportation": "[X] can be reached by [Y] .",
    "/tv/tv_program/program_creator": "The creator of the [X] is [Y] .",
    "/location/country/capital": "The capital of [X] is [Y] .",
    "/base/schemastaging/organization_extra/phone_number./base/schemastaging/phone_sandbox/contact_category": "[X] has a hotline to provide contact for [Y] .",
    "/people/deceased_person/place_of_burial": "The burial place of [X] is [Y] .",
    "/location/administrative_division/first_level_division_of": "[X] is located in [Y] .",
    "/base/aareas/schema/administrative_area/capital": "[X] is the capital of [Y] .",
    "/base/eating/practicer_of_diet/diet": "[X] lives in a [Y] diet .",
    "/organization/organization_founder/organizations_founded": "[Y] is founded by [X] .",
    "/location/location/partially_contains": "[X] partially contains [Y] .",
    "/people/person/sibling_s./people/sibling_relationship/sibling": "[X] and [Y] are siblings .",
    "/education/university/fraternities_and_sororities": "The fraternities and sororities of [X] is [Y] .",
    "/sports/sport/pro_athletes./sports/pro_sports_played/athlete": "[Y] plays [X] .",
    "/base/locations/continents/countries_within": "[Y] is located in [X] .",
    "/organization/non_profit_organization/registered_with./organization/non_profit_registration/registering_agency": "The registering agency of [X] is [Y] .",
    "/sports/sports_position/players./sports/sports_team_roster/position": "[X] and [Y] are positions in the same sport .",
    "/people/ethnicity/geographic_distribution": "The distribution area of [X] includes [Y] .",
    "/tv/tv_program/tv_producer./tv/tv_producer_term/producer_type": "[X] has [Y] .",
    "/medicine/disease/notable_people_with_this_condition": "[Y] has [X] .",
    "/ice_hockey/hockey_team/current_roster./sports/sports_team_roster/position": "Someone plays the [Y] position for the [X] .",
    "/base/americancomedy/celebrity_impressionist/celebrities_impersonated": "[X] can impersonate [Y] .",
    "/education/university/international_tuition./measurement_unit/dated_money_value/currency": "The international tuition of [X] is paid in [Y] .",
    "/government/politician/government_positions_held./government/government_position_held/basic_title": "[X] served as [Y] .",
    "/film/film/dubbing_performances./film/dubbing_performance/actor": "[Y] is the dubbing of [X] .",
    "/film/film_set_designer/film_sets_designed": "The set of [Y] is designed by [X] .",
    "/film/actor/dubbing_performances./film/dubbing_performance/language": "The dubbing language of [X] is [Y] .",
    "/time/event/instance_of_recurring_event": "[X] is [Y] .",
    "/base/localfood/seasonal_month/produce_available./base/localfood/produce_availability/seasonal_months": "Some foods are available in [X] and [Y] .",
    "/government/political_party/politicians_in_this_party./government/political_party_tenure/politician": "[Y] is a member of the [X] .",
    "/government/politician/government_positions_held./government/government_position_held/jurisdiction_of_office": "The office of [X] is located in [Y] .",
    "/organization/organization/place_founded": "[X] was founded in [Y] .",
    "/tv/tv_personality/tv_regular_appearances./tv/tv_regular_personal_appearance/program": "[X] starred in [Y] .",
    "/sports/sports_position/players./american_football/football_historical_roster_position/position_s": "[X] and [Y] are both American football positions .",
    "/people/profession/specialization_of": "[X] is a specialization of [Y] .",
    "/broadcast/content/artist": "[Y] is the artist of [X] .",
    "/olympics/olympic_games/medals_awarded./olympics/olympic_medal_honor/medal": "Someone won a [Y] in the [X] .",
    "/government/governmental_body/members./government/government_position_held/legislative_sessions": "Someone holds positions in [X] and [Y] .",
    "/film/film/film_art_direction_by": "The art of [X] is directed by [Y] .",
    "/user/alexander/philosophy/philosopher/interests": "[X] is inresented in [Y] .",
    "/base/saturdaynightlive/snl_cast_member/seasons./base/saturdaynightlive/snl_season_tenure/cast_members": "[X] and [Y] participated in Saturday Night Live in the same season .",
    "/music/instrument/family": "[X] is a kind of [Y] .",
    "/dataworld/gardening_hint/split_to": "[X] split into [Y] .",
    "/film/special_film_performance_type/film_performance_type./film/performance/film": "[X] and [Y] are the same type of movie .",
    "/tv/non_character_role/tv_regular_personal_appearances./tv/tv_regular_personal_appearance/person": "[Y] is a [X] in the TV show .",
    "/film/person_or_entity_appearing_in_film/films./film/personal_film_appearance/type_of_appearance": "[X] appears in the movie through [Y] ."
}